Factor,Level 1,Level 2,Level 3,Level 4
A,3.8276607591651763,6.127870013790129,7.3987995199613374,8.302048445559118
B,5.440874661362899,5.984327084179538,6.26921056303837,6.69391722357262
C,5.128951989376263,5.911997678823004,6.449769463434203,7.0289263651072265
D,5.917791737876841,6.043235084100145,6.030899571514215,6.3099214509222765
