Factor,Level 1,Level 2,Level 3,Level 4
A,6.88294654465171,9.768271691701752,7.870077324630617,10.225181212528101
B,7.312166036323628,9.01715393296789,8.265074683876417,9.644982391794501
C,9.137131928102322,8.4429076217708,7.671503997618133,8.77252029813843
D,7.823966873804974,8.908255700976621,8.165315334188403,9.11822197352808
