Factor,Level 1,Level 2,Level 3,Level 4
A,6.482130945885412,11.393032160149279,13.799424794539956,14.5565053802829
B,10.175778071463089,11.482849118504557,8.583550505399645,11.649448022632352
C,9.937835012355228,10.75519058372969,8.910489006238107,12.213040816362835
D,11.178832546171716,9.554180567110855,9.280776670113838,11.61024483086484
