Factor,Level 1,Level 2,Level 3,Level 4
A,-21.284642993550932,-9.188159008690473,-7.5685689068622715,-5.663055358119974
B,-12.113024861199598,-10.357776272622619,-20.708427697736585,-8.614400933173492
C,-11.632240373158744,-11.27961381204752,-20.732215786032317,-7.6033307520982465
D,-11.10302141001015,-11.490880810432191,-20.727092976363743,-8.388302283617495
